{
  "timestamp": "2026-02-17T13:25:02",
  "reason": "initial-run",
  "uptime_hours": 0.0005,
  "cases_executed": 2508,
  "cases_success": 2508,
  "cases_failed": 0,
  "anomalies": 0,
  "throughput": 1566.7483878131216,
  "avg_response_time": 0.000670504826561129,
  "ai_enabled": true
}