{
  "timestamp": "2026-02-17T04:45:19",
  "reason": "longrun-complete",
  "uptime_hours": 0.0031,
  "cases_executed": 4800,
  "cases_success": 4800,
  "cases_failed": 0,
  "anomalies": 0,
  "throughput": 1330.0384954775584,
  "avg_response_time": 0.0009982462393747936,
  "ai_enabled": true
}