{
  "timestamp": "2026-02-17T04:51:38",
  "reason": "longrun-iteration-1",
  "uptime_hours": 0.0011,
  "cases_executed": 3840,
  "cases_success": 3840,
  "cases_failed": 0,
  "anomalies": 0,
  "throughput": 1485.1677089820541,
  "avg_response_time": 0.0009925277888027514,
  "ai_enabled": true
}